Name,State,Latitude,Longitude,Status,Commodity Group
A1,VIC,-37.5051,146.1997,Operating mine,"Precious metals - Au, Ag, PGE"
Abel,NSW,-32.818419,151.621127,Care and maintenance,Coal
Abra,WA,-24.643101,118.587279,Developing mine,"Base metals - Cu (Zn, Pb, Ag, Au)"
Agate Creek,QLD,-18.9942,143.5486,Operating mine,"Precious metals - Au, Ag, PGE"
Agnew,WA,-28.00071,120.5081,Operating mine,"Precious metals - Au, Ag, PGE"
Agricola,SA,-36.1867,139.6796,Operating mine,"Battery/Alloy metals - Ni, Co, Mn, V, Mo, Mg"
Airly,NSW,-33.097754,150.01477,Operating mine,Coal
Ammaroo,NT,-21.792109,135.834839,Developing mine,"Fertiliser elements - P,K"
Amrun,QLD,-12.973,141.633,Operating mine,Bauxite
Andoom,QLD,-12.538352,141.832296,Operating mine,Bauxite
Andy Well,WA,-26.2278,118.6766,Care and maintenance,"Precious metals - Au, Ag, PGE"
Angas,SA,-35.251066,138.915917,Care and maintenance,"Base metals - Zn, Pb (Cu, Ag)"
Angus Place,NSW,-33.349157,150.199019,Care and maintenance,Coal
Ant Hill,WA,-22.090917,120.594976,Care and maintenance,"Battery/Alloy metals - Ni, Co, Mn, V, Mo, Mg"
Anthill,QLD,-20.2505,139.1151,Operating mine,"Base metals - Cu (Zn, Pb, Ag, Au)"
Appin,NSW,-34.2079,150.7918,Operating mine,Coal
Ardmore,QLD,-21.647041,139.170007,Operating mine,"Fertiliser elements - P,K"
Ashton,NSW,-32.46667,151.06667,Operating mine,Coal
Atlas,WA,-30.538165,115.248896,Developing mine,"Heavy mineral sands - Ti, Zr"
Atlas-Campaspe,NSW,-33.7921,143.3413,Developing mine,"Heavy mineral sands - Ti, Zr"
Australian Vanadium,WA,-26.967612,118.646257,Developing mine,"Battery/Alloy metals - Ni, Co, Mn, V, Mo, Mg"
Avebury,TAS,-41.92011,145.24854,Operating mine,"Battery/Alloy metals - Ni, Co, Mn, V, Mo, Mg"
Avonbank,VIC,-36.62,142.32,Developing mine,"Heavy mineral sands - Ti, Zr, REE"
Axehandle,WA,-31.3165,119.3931,Care and maintenance,"Precious metals - Au, Ag, PGE"
Balcooma,QLD,-18.7718,144.713,Care and maintenance,"Base metals - Cu (Zn, Pb, Ag, Au)"
Bald Hill,WA,-31.513331,122.181148,Operating mine,Lithium
Balla Balla,WA,-20.765446,117.775173,Developing mine,Iron ore
Ballarat East,VIC,-37.5897,143.8597,Operating mine,"Precious metals - Au, Ag, PGE"
Balranald,NSW,-34.45993,143.461186,Developing mine,"Heavy mineral sands - Ti, Zr"
Bamboo Creek,WA,-20.9307,120.2117,Operating mine,"Precious metals - Au, Ag, PGE"
Baneygo,WA,-27.9637,122.3123,Operating mine,"Precious metals - Au, Ag, PGE"
Baralaba North,QLD,-24.164856,149.803238,Operating mine,Coal
Barbara,QLD,-20.415343,139.850148,Care and maintenance,"Base metals - Cu (Zn, Pb, Ag, Au)"
Barrambie,WA,-27.433241,119.121101,Developing mine,"Other metals - Sn, W, Ta, Ti"
Bauxite Hills,QLD,-11.83479,142.04488,Operating mine,Bauxite
Beatons Creek,WA,-21.80833,120.4169,Operating mine,"Precious metals - Au, Ag, PGE"
Bengalla,NSW,-32.2715,150.846,Operating mine,Coal
Beta Hunt,WA,-31.24026,121.693915,Operating mine,"Precious metals - Au, Ag, PGE"
Beyondie,WA,-24.77,120.32,Operating mine,"Fertiliser elements - P,K"
Big Bell,WA,-27.3209,117.6542,Operating mine,"Precious metals - Au, Ag, PGE"
Binjour,QLD,-25.5,151.5,Developing mine,Bauxite
Black Swan,WA,-30.3934,121.652,Care and maintenance,"Battery/Alloy metals - Ni, Co, Mn, V, Mo, Mg"
Blackwater,QLD,-23.685585,148.807361,Operating mine,Coal
Blackwater,TAS,-41.1101,144.9469,Operating mine,"High-purity elements - Al, Si"
Blair Athol,QLD,-22.6905,147.527,Operating mine,Coal
Bloomfield,NSW,-32.792189,151.566962,Operating mine,Coal
Blue Hills North,WA,-29.1412,116.862,Care and maintenance,Iron ore
Bluebird,WA,-26.7162,118.4251,Operating mine,"Precious metals - Au, Ag, PGE"
Bluff,QLD,-23.520513,149.063875,Operating mine,Coal
Boddington,WA,-32.7509,116.3581,Operating mine,"Base metals - Cu (Zn, Pb, Ag, Au)"
Boggabri,NSW,-30.590411,150.163344,Operating mine,Coal
Boonanarring,WA,-31.223684,115.834639,Operating mine,"Heavy mineral sands - Ti, Zr"
Bootu Creek,NT,-18.699756,134.125836,Care and maintenance,"Battery/Alloy metals - Ni, Co, Mn, V, Mo, Mg"
British King,WA,-27.9404,121.2437,Care and maintenance,"Precious metals - Au, Ag, PGE"
Broadlea,QLD,-21.9267,148.1825,Operating mine,Coal
Brockman 2,WA,-22.4124,117.3376,Operating mine,Iron ore
Brockman 4,WA,-22.598301,117.220398,Operating mine,Iron ore
Broken Hill,NSW,-31.9665,141.465,Operating mine,"Base metals - Zn, Pb (Cu, Ag)"
Bronzewing,WA,-27.382,121.0012,Care and maintenance,"Precious metals - Au, Ag, PGE"
Browns Range,WA,-18.859476,128.939813,Developing mine,Rare earth elements 
Bulga,NSW,-32.68684,151.109984,Operating mine,Coal
Bungarra,WA,-27.397079,121.46613,Operating mine,"Precious metals - Au, Ag, PGE"
Burbanks,WA,-31.0279,121.1375,Operating mine,"Precious metals - Au, Ag, PGE"
Butcherbird-Yanneri,WA,-24.367,119.683,Operating mine,"Battery/Alloy metals - Ni, Co, Mn, V, Mo, Mg"
Byerwen,QLD,-21.35,147.81,Operating mine,Coal
Cadia East,NSW,-33.465,149.0123,Operating mine,"Base metals - Cu (Zn, Pb, Ag, Au)"
Callide,QLD,-24.310921,150.622173,Operating mine,Coal
Cameby Downs,QLD,-26.578622,150.287178,Operating mine,Coal
Cannington,QLD,-21.8658,140.9199,Operating mine,"Base metals - Zn, Pb (Cu, Ag)"
Cannon,WA,-30.8161,121.7629,Developing mine,"Precious metals - Au, Ag, PGE"
Capcoal,QLD,-22.902571,148.551017,Operating mine,Coal
Cape Flattery,QLD,-14.985,145.2722,Operating mine,"High-purity elements - Al, Si"
Capricorn Copper,QLD,-19.694925,139.363156,Operating mine,"Base metals - Cu (Zn, Pb, Ag, Au)"
Carborough Downs,QLD,-21.9502,148.2094,Operating mine,Coal
Carmichael,QLD,-22.018,146.322,Operating mine,Coal
Carosue Dam,WA,-30.12,122.35,Operating mine,"Precious metals - Au, Ag, PGE"
Carrapateena,SA,-31.2175,137.4984,Operating mine,"Base metals - Cu (Zn, Pb, Ag, Au)"
Cassini ,WA,-31.700939,121.621101,Operating mine,"Battery/Alloy metals - Ni, Co, Mn, V, Mo, Mg"
Cataby,WA,-30.7351,115.5387,Operating mine,"Heavy mineral sands - Ti, Zr"
Caval Ridge,QLD,-22.221466,148.17199,Operating mine,Coal
Cawse,WA,-30.368888,121.148544,Care and maintenance,"Battery/Alloy metals - Ni, Co, Mn, V, Mo, Mg"
Central Eyre,SA,-33.2438,135.6677,Developing Mine,Iron ore
Century,QLD,-18.738057,138.625021,Operating mine,"Base metals - Zn, Pb (Cu, Ag)"
Chain Valley,NSW,-33.163056,151.550004,Operating mine,Coal
Challenger,SA,-29.8782,133.5889,Care and maintenance,"Precious metals - Au, Ag, PGE"
Channar,WA,-23.29938,117.788592,Operating mine,Iron ore
Charters Towers,QLD,-20.0757,146.2666,Operating mine,"Precious metals - Au, Ag, PGE"
Christmas Creek,WA,-22.376169,119.758987,Operating mine,Iron ore
Clarence,NSW,-33.456479,150.24393,Operating mine,Coal
Clermont,QLD,-22.689216,147.630768,Operating mine,Coal
Cliffs,WA,-27.310489,120.552825,Operating mine,"Battery/Alloy metals - Ni, Co, Mn, V, Mo, Mg"
Cloudbreak,WA,-22.302778,119.396385,Operating mine,Iron ore
Cobar,NSW,-31.40802,145.798597,Operating mine,"Base metals - Cu (Zn, Pb, Ag, Au)"
Coburn,WA,-26.70377,114.126953,Operating mine,"Heavy mineral sands - Ti, Zr"
Cockatoo Island,WA,-16.094966,123.607113,Care and maintenance,Iron ore
Cock-eyed Bob,WA,-31.0895,122.1761,Operating mine,"Precious metals - Au, Ag, PGE"
Collinsville,QLD,-20.567608,147.768557,Operating mine,Coal
Comet Vale,WA,-29.954928,121.131043,Care and maintenance,"Precious metals - Au, Ag, PGE"
Commodore,QLD,-27.930269,151.279051,Operating mine,Coal
Coobina,WA,-23.504898,120.277372,Care and maintenance,"Battery/Alloy metals - Ni, Co, Mn, V, Mo, Mg"
Cook,QLD,-23.709213,148.914684,Operating mine,Coal
Cooljarloo,WA,-30.593306,115.360681,Operating mine,"Heavy mineral sands - Ti, Zr"
Coppabella,QLD,-21.844554,148.427187,Operating mine,Coal
Corinna,TAS,-41.6224,145.112,Operating mine,"High-purity elements - Al, Si"
Corinthia,WA,-31.1245,119.2214,Care and Maintenance,"Precious metals - Au, Ag, PGE"
Cornwall,TAS,-41.55,148.133333,Operating mine,Coal
Costerfield,VIC,-36.8957,144.8015,Operating mine,"Precious metals - Au, Ag, PGE"
Cowal,NSW,-33.6369,147.4067,Operating mine,"Precious metals - Au, Ag, PGE"
Coyote,WA,-19.8989,128.8319,Care and maintenance,"Precious metals - Au, Ag, PGE"
Cracow,QLD,-25.28928,150.2703,Operating mine,"Precious metals - Au, Ag, PGE"
Creswick,VIC,-37.3204,143.8943,Operating mine,"High-purity elements - Al, Si"
Cullen Valley,NSW,-33.269288,150.016163,Operating mine,Coal
Cumnock,NSW,-32.403044,150.998616,Care and maintenance,Coal
Curragh,QLD,-23.466218,148.854144,Operating mine,Coal
Cutters Ridge,WA,-30.7675,121.1811,Operating mine,"Precious metals - Au, Ag, PGE"
Cyclone,WA,-28.817064,128.732174,Developing mine,"Heavy mineral sands - Ti, Zr"
Daisy Milano,WA,-31.0133,121.9224,Operating mine,"Precious metals - Au, Ag, PGE"
Dalgaranga,WA,-27.84617,117.265297,Care and Maintenance,"Precious metals - Au, Ag, PGE"
Dargues Reef,NSW,-35.538216,149.747189,Operating mine,"Precious metals - Au, Ag, PGE"
Darlot,WA,-27.8875,121.2689,Operating mine,"Precious metals - Au, Ag, PGE"
Daunia,QLD,-22.043993,148.288546,Operating mine,Coal
Davyhurst,WA,-30.0362,120.6706,Operating mine,"Precious metals - Au, Ag, PGE"
Dawson,QLD,-24.616826,150.059238,Operating mine,Coal
Deflector,WA,-28.6691,116.3796,Operating mine,"Base metals - Cu (Zn, Pb, Ag, Au)"
DeGrussa,WA,-25.5406,119.3281,Operating mine,"Base metals - Cu (Zn, Pb, Ag, Au)"
Dendrobium,NSW,-34.37685,150.759992,Operating mine,Coal
Devon,WA,-29.2847,122.4482,Care and maintenance,"Precious metals - Au, Ag, PGE"
Dhupuma,NT,-12.38,136.82,Operating mine,Bauxite
Dolphin,TAS,-40.05334,144.05868,Developing mine,"Other metals - Sn, W, Ta, Ti"
Donald,VIC,-36.49918,142.78148,Developing mine,"Heavy mineral sands - Ti, Zr, REE"
Donaldson,NSW,-32.792984,151.576508,Care and maintenance,Coal
Drake,QLD,-20.708,147.816,Operating mine,Coal
Dubbo,NSW,-32.445319,148.618178,Developing mine,Rare earth elements 
Duchess,QLD,-21.874555,139.968205,Operating mine,"Fertiliser elements - P,K"
Dugald River,QLD,-20.2545,140.1558,Operating mine,"Base metals - Zn, Pb (Cu, Ag)"
East Kundana,WA,-30.72,121.23,Operating mine,"Precious metals - Au, Ag, PGE"
Eastern Range,WA,-23.240985,117.657222,Operating mine,Iron ore
Edna May,WA,-31.2912,118.6998,Operating mine,"Precious metals - Au, Ag, PGE"
Eliwana,WA,-22.495916,116.940854,Operating mine,Iron ore
Eloise,QLD,-20.954853,140.979894,Operating mine,"Base metals - Cu (Zn, Pb, Ag, Au)"
Endeavor,NSW,-31.162921,145.653796,Care and maintenance,"Base metals - Zn, Pb (Cu, Ag)"
Eneabba,WA,-29.631714,115.269641,Developing mine,"Heavy mineral sands - Ti, Zr"
Eneabba Stockpile,WA,-29.88897336,115.3032149,Operating mine,"Heavy mineral sands - Ti, Zr, REE"
Ensham,QLD,-23.454464,148.497455,Operating mine,Coal
Enterprise,WA,-30.3719,121.089,Operating mine,"Precious metals - Au, Ag, PGE"
Ernest Henry,QLD,-20.439829,140.70281,Operating mine,"Base metals - Cu (Zn, Pb, Ag, Au)"
Ewington,WA,-33.3624,116.25,Operating mine,Coal
Fingal Rail,TAS,-41.8253,147.5076,Operating mine,Bauxite
Finniss,NT,-12.695,130.791,Operating mine,Lithium
Firetail,WA,-22.128667,117.769485,Operating mine,Iron ore
Flying Fox,WA,-32.418462,119.688987,Operating mine,"Battery/Alloy metals - Ni, Co, Mn, V, Mo, Mg"
Fortnum,WA,-25.33,118.36,Operating mine,"Precious metals - Au, Ag, PGE"
Fosterville,VIC,-36.7163,144.5036,Operating mine,"Precious metals - Au, Ag, PGE"
Four Mile,SA,-30.141667,139.529167,Operating mine,Uranium
Foxleigh,QLD,-22.997778,148.803889,Operating mine,Coal
Frances Creek,NT,-13.564163,131.850016,Care and maintenance,Iron ore
Frasers,WA,-31.237,119.3312,Operating mine,"Precious metals - Au, Ag, PGE"
French Kiss,WA,-31.2131,122.5764,Care and maintenance,"Precious metals - Au, Ag, PGE"
Frog's Leg,WA,-30.7616,121.2701,Operating mine,"Precious metals - Au, Ag, PGE"
Garden Well,WA,-27.9064,122.356,Operating mine,"Precious metals - Au, Ag, PGE"
Geko,WA,-30.864091,120.899997,Care and maintenance,"Precious metals - Au, Ag, PGE"
George Fisher,QLD,-20.5711,139.472,Operating mine,"Base metals - Zn, Pb (Cu, Ag)"
Ginkgo-Crayfish-Snapper,NSW,-33.364405,142.225983,Operating mine,"Heavy mineral sands - Ti, Zr"
Glendell,NSW,-32.451192,151.077551,Operating mine,Coal
Golden Age-Wiluna,WA,-26.6018,120.246,Operating mine,"Precious metals - Au, Ag, PGE"
Golden Camel,VIC,-36.6462,144.7371,Developing mine,"Precious metals - Au, Ag, PGE"
Golden Cities,WA,-30.407235,121.396748,Operating mine,"Precious metals - Au, Ag, PGE"
Golden Dragon,WA,-28.9841,116.9578,Care and maintenance,"Precious metals - Au, Ag, PGE"
Golden Grove,WA,-28.7629,116.9848,Operating mine,"Base metals - Cu (Zn, Pb, Ag, Au)"
Goondicum Crater,QLD,-24.855651,151.433858,Care and maintenance,"Other metals - Sn, W, Ta, Ti"
Goonyella,QLD,-21.792321,147.962045,Operating mine,Coal
Goschen,VIC,-35.5598696,143.5315807,Developing mine,"Heavy mineral sands - Ti, Zr, REE"
Gove,NT,-12.261117,136.837017,Operating mine,Bauxite
Granite Belt,QLD,-28.83055,151.29045,Care and maintenance,"Base metals - Cu (Zn, Pb, Ag, Au)"
Granny Smith,WA,-28.8112,122.4149,Operating mine,"Precious metals - Au, Ag, PGE"
Granville East,TAS,-41.7978,145.0862,Care and maintenance,"Other metals - Sn, W, Ta, Ti"
Great White ,SA,-32.8286,134.7393,Developing mine,"High-purity elements - Al, Si"
Greenbushes,WA,-33.855846,116.06683,Operating mine,Lithium
Gregory Crinum,QLD,-23.172246,148.356348,Care and maintenance,Coal
Groote Eylandt,NT,-13.992158,136.445547,Operating mine,"Battery/Alloy metals - Ni, Co, Mn, V, Mo, Mg"
Grosvenor,QLD,-21.873168,147.992728,Operating mine,Coal
Gruyere,WA,-27.98443,123.845213,Operating mine,"Precious metals - Au, Ag, PGE"
Gudai-Darri,WA,-22.555946,119.023928,Operating mine,Iron ore
Gwalia,WA,-28.9185,121.334,Operating mine,"Precious metals - Au, Ag, PGE"
Hail Creek,QLD,-21.505383,148.406805,Operating mine,Coal
Hamlet,WA,-31.4001,121.8122,Operating mine,"Precious metals - Au, Ag, PGE"
Hampton-Boulder-Jubilee,WA,-31.0276,121.6031,Operating mine,"Precious metals - Au, Ag, PGE"
Haoma,WA,-31.0119,121.9189,Care and Maintenance,"Precious metals - Au, Ag, PGE"
Hawkes Creek,TAS,-41.096,144.8844,Operating mine,"High-purity elements - Al, Si"
Hellyer,TAS,-41.5746,145.7221,Care and Maintenance,"Base metals - Cu (Zn, Pb, Ag, Au)"
Henty,TAS,-41.8664,145.5574,Operating mine,"Precious metals - Au, Ag, PGE"
Hera,NSW,-32.1107,146.3259,Operating mine,"Base metals - Cu (Zn, Pb, Ag, Au)"
Hermes,WA,-25.5845,118.9098,Care and maintenance,"Precious metals - Au, Ag, PGE"
Higginsville,WA,-31.7303,121.7377,Operating mine,"Precious metals - Au, Ag, PGE"
Hillgrove,NSW,-30.5745,151.9009,Care and Maintenance,"Precious metals - Au, Ag, PGE"
Homestead,WA,-30.5421,121.2283,Operating mine,"Precious metals - Au, Ag, PGE"
Honeymoon,SA,-31.74095,140.662365,Care and Maintenance,Uranium
Honeymoon Well,WA,-26.920375,120.379031,Developing mine,"Battery/Alloy metals - Ni, Co, Mn, V, Mo, Mg"
Hope Downs,WA,-22.94691,119.122931,Operating mine,Iron ore
Hunter Valley Operations,NSW,-32.5104,150.992,Operating mine,Coal
Huntly,WA,-32.555795,116.166496,Operating mine,Bauxite
Integra,NSW,-32.468839,151.134981,Operating mine,Coal
Invincible,NSW,-33.326854,150.030003,Care and maintenance,Coal
Invincible,WA,-31.3243,121.7451,Operating mine,"Precious metals - Au, Ag, PGE"
Iron Bridge,WA,-21.25186,119.0557,Developing mine,Iron ore
Iron Ridge,WA,-26.9455,117.6818,Operating mine,Iron ore
Iron Valley,WA,-22.7201,119.3171,Operating mine,Iron ore
Ironbark No 1,QLD,-21.742897,148.173142,Operating mine,Coal
Isaac Plains,QLD,-21.992,148.108,Operating mine,Coal
Jacinth-Ambrosia,SA,-30.861125,132.228669,Operating mine,"Heavy mineral sands - Ti, Zr"
Jack Hills,WA,-26.05232,117.2414,Care and maintenance,Iron ore
Jaguar,WA,-28.4446,121.1551,Operating mine,"Base metals - Cu (Zn, Pb, Ag, Au)"
Janet Ivy,WA,-30.7745,121.3834,Operating mine,"Precious metals - Au, Ag, PGE"
Jaurdi,WA,-30.68871,120.925,Operating mine,"Precious metals - Au, Ag, PGE"
Jax,QLD,-20.72,147.87,Operating mine,Coal
Jellinbah East,QLD,-23.406874,148.950644,Operating mine,Coal
Jimblebar,WA,-23.379259,120.139061,Operating mine,Iron ore
Julia Creek,QLD,-20.7183,141.99358,Developing mine,"Battery/Alloy metals - Ni, Co, Mn, V, Mo, Mg"
Jundee,WA,-26.3725,120.6041,Operating mine,"Precious metals - Au, Ag, PGE"
Jupiter,WA,-28.8072,122.2192,Operating mine,"Precious metals - Au, Ag, PGE"
JWD,WA,-26.791821,119.954639,Operating mine,Iron ore
Kalgoorlie (super pit),WA,-30.7781,121.505,Operating mine,"Precious metals - Au, Ag, PGE"
Kanmantoo,SA,-35.0919,139.0054,Developing mine,"Base metals - Cu (Zn, Pb, Ag, Au)"
Kanowna Belle,WA,-30.6101,121.5761,Operating mine,"Precious metals - Au, Ag, PGE"
Kara,TAS,-41.309996,145.772011,Operating mine,Iron ore
Karara,WA,-29.16019,116.8005,Operating mine,Iron ore
Karlawindra,WA,-23.7646,120.0997,Operating mine,"Precious metals - Au, Ag, PGE"
Karonie,WA,-31.034,122.56,Operating mine,"Precious metals - Au, Ag, PGE"
Kathleen Valley,WA,-27.4694,120.5581,Developing mine,Lithium
Kestrel,QLD,-23.241972,148.370306,Operating mine,Coal
Keysbrook,WA,-32.46423,115.938797,Operating mine,"Heavy mineral sands - Ti, Zr"
King of the Hills,WA,-28.6715,121.163,Operating mine,"Precious metals - Au, Ag, PGE"
King Vol,QLD,-16.9363,144.2496,Operating mine,"Base metals - Zn, Pb (Cu, Ag)"
Kings,WA,-22.17611,117.5217,Operating mine,Iron ore
Kirkalocka,WA,-28.675,117.762,Operating mine,"Precious metals - Au, Ag, PGE"
Kogan Creek,QLD,-26.895716,150.772631,Operating mine,Coal
Koolan Island,WA,-16.127535,123.740184,Operating mine,Iron ore
Koolyanobbing,WA,-30.8336,119.538,Operating mine,Iron ore
Kundana,WA,-30.711143,121.231141,Operating mine,"Precious metals - Au, Ag, PGE"
Kunwarara,QLD,-22.8814,150.1869,Operating mine,"Battery/Alloy metals - Ni, Co, Mn, V, Mo, Mg"
Lady Annie ,QLD ,-19.773053,139.044016,Care and maintenance,"Base metals - Cu (Zn, Pb, Ag, Au)"
Lady Loretta,QLD,-19.768589,139.070193,Operating mine,"Base metals - Zn, Pb (Cu, Ag)"
Lake Vermont,QLD,-22.399002,148.438513,Operating mine,Coal
Lanfranchi,WA,-31.50546,121.8429,Care and maintenance,"Battery/Alloy metals - Ni, Co, Mn, V, Mo, Mg"
Leinster,WA,-27.788893,120.697235,Operating mine,"Battery/Alloy metals - Ni, Co, Mn, V, Mo, Mg"
Liddell,NSW,-32.391601,150.999883,Operating mine,Coal
Lighthouse,QLD,-18.3944,144.1733,Care and maintenance,"High-purity elements - Al, Si"
Lindsay's Find,WA,-30.3275,121.6917,Care and maintenance,"Precious metals - Au, Ag, PGE"
Liontown,QLD,-20.4095,146.0678,Developing mine,"Base metals - Zn, Pb (Cu, Ag)"
Lorena,QLD,-20.7187,140.6487,Care and Maintenance,"Precious metals - Au, Ag, PGE"
Loy Yang,VIC,-38.2347,146.564,Operating mine,Coal
Lucky Bay,WA,-28.02938,114.183055,Developing mine,"Heavy mineral sands - Ti, Zr"
Maddingley,VIC,-37.704289,144.440161,Operating mine,Coal
Mandalong,NSW,-33.126841,151.449976,Operating mine,Coal
Mangoola,NSW,-32.296844,150.669987,Operating mine,Coal
Mannering,NSW,-33.164218,151.532511,Care and maintenance,Coal
Maralla Road ,WA,-31.7388,115.9704,Operating mine,"High-purity elements - Al, Si"
Marandoo,WA,-22.638099,118.138562,Operating mine,Iron ore
Marda,WA,-30.2,119.26,Operating mine,"Precious metals - Au, Ag, PGE"
Mariners,WA,-31.627845,121.661257,Care and maintenance,"Battery/Alloy metals - Ni, Co, Mn, V, Mo, Mg"
Matilda,WA,-26.7575,120.2149,Operating mine,"Precious metals - Au, Ag, PGE"
Maules Creek,NSW,-30.545121,150.154234,Operating mine,Coal
Maxwells,WA,-31.0809,122.1989,Operating mine,"Precious metals - Au, Ag, PGE"
McArthur River,NT,-16.436,136.0985,Operating mine,"Base metals - Zn, Pb (Cu, Ag)"
Merlin,QLD,-21.653303,140.493067,Care and maintenance,"Battery/Alloy metals - Ni, Co, Mn, V, Mo, Mg"
Merlin,NT,-16.847948,136.345105,Care and maintenance,Diamond
Metropolitan,NSW,-34.184912,150.996569,Operating mine,Coal
Middleback Ranges,SA,-32.998,137.156,Operating mine,Iron ore
Middlemount,QLD,-22.848131,148.631626,Operating mine,Coal
Miitel,WA,-31.6278,121.6613,Care and maintenance,"Battery/Alloy metals - Ni, Co, Mn, V, Mo, Mg"
Millennium and Mavis Downs,QLD,-22.025,148.213,Operating mine,Coal
Mindarie,SA,-34.795,140.2075,Developing mine,"Heavy mineral sands - Ti, Zr"
Mindijup,WA,-34.7689,118.0768,Operating mine,"High-purity elements - Al, Si"
Mineral Hill,NSW,-32.5755,146.9871,Operating mine,"Base metals - Cu (Zn, Pb, Ag, Au)"
Mining Area C,WA,-22.92817,118.96431,Operating mine,Iron ore
Molyhil,NT,-22.757085,135.749305,Developing mine,"Battery/Alloy metals - Ni, Co, Mn, V, Mo, Mg"
Monty,WA,-25.559468,119.434427,Operating mine,"Base metals - Cu (Zn, Pb, Ag, Au)"
Moolarben,NSW,-32.29,149.785,Operating mine,Coal
Moolart Well,WA,-27.6112,122.3479,Operating mine,"Precious metals - Au, Ag, PGE"
Moora,WA,-30.515323,116.03445,Operating mine,"High-purity elements - Al, Si"
Moorvale,QLD,-21.995517,148.35358,Operating mine,Coal
Moranbah North,QLD,-21.871331,147.956742,Operating mine,Coal
Morningstar,VIC,-37.5686,146.2456,Operating mine,"Precious metals - Au, Ag, PGE"
Mount Arthur,NSW,-32.3483,150.9055,Operating mine,Coal
Mount Boppy,NSW,-31.5618,146.3161,Care and Maintenance,"Precious metals - Au, Ag, PGE"
Mount Carbine,QLD,-16.518296,145.131875,Operating mine,"Other metals - Sn, W, Ta, Ti"
Mount Carlton,QLD,-20.2716,147.5619,Operating mine,"Base metals - Cu (Zn, Pb, Ag, Au)"
Mount Cattlin,WA,-33.56241,120.038002,Operating mine,Lithium
Mount Colin,QLD,-20.7759,140.0445,Operating mine,"Base metals - Cu (Zn, Pb, Ag, Au)"
Mount Garnet,QLD,-17.6849,145.1126,Care and maintenance,"Base metals - Zn, Pb (Cu, Ag)"
Mount Holland,WA,-32.087573,119.74847,Developing mine,Lithium
Mount Isa ,QLD,-20.743392,139.478345,Operating mine,"Base metals - Cu (Zn, Pb, Ag, Au)"
Mount Keith,WA,-27.229599,120.54174,Operating mine,"Battery/Alloy metals - Ni, Co, Mn, V, Mo, Mg"
Mount Lindsay,TAS,-41.69731,145.32857,Developing mine,"Other metals - Sn, W, Ta, Ti"
Mount Lyell,TAS,-42.061,145.5855,Care and maintenance,"Base metals - Cu (Zn, Pb, Ag, Au)"
Mount Magnet,WA,-28.0602,117.7834,Operating mine,"Precious metals - Au, Ag, PGE"
Mount Marion,WA,-31.0738,121.4611,Operating mine,Lithium
Mount Moss,QLD,-19.085818,145.84711,Care and maintenance,Iron ore
Mount Newman,WA,-23.355737,119.677787,Operating mine,Iron ore
Mount Owen,NSW,-32.38684,151.099981,Operating mine,Coal
Mount Peake,NT,-21.637,133.286,Developing mine,"Battery/Alloy metals - Ni, Co, Mn, V, Mo, Mg"
Mount Pleasant,NSW,-32.236842,150.839983,Operating mine,Coal
Mount Rawdon,QLD,-25.2713,151.7641,Operating mine,"Precious metals - Au, Ag, PGE"
Mount Thorley,NSW,-32.63741,151.108624,Operating mine,Coal
Mount Tom Price,WA,-22.76352,117.771357,Operating mine,Iron ore
Mount Webber,WA,-21.537,119.289,Operating mine,Iron ore
Mount Weld,WA,-28.859949,122.547523,Operating mine,Rare earth elements 
Mountain of Light,SA,-30.578933,138.451284,Care and maintenance,"Base metals - Cu (Zn, Pb, Ag, Au)"
Mulga Rock,WA,-29.904345,123.592004,Developing mine,Uranium
Mungana,QLD,-17.0991,144.3825,Operating mine,"Base metals - Zn, Pb (Cu, Ag)"
Munglinup,WA,-33.66352,120.858621,Developing mine,Graphite
Murrawombie,NSW,-31.2586,146.8719,Operating mine,"Base metals - Cu (Zn, Pb, Ag, Au)"
Murrin Murrin,WA,-28.7668,121.893,Operating mine,"Battery/Alloy metals - Ni, Co, Mn, V, Mo, Mg"
Muswellbrook,NSW,-32.244988,150.941392,Operating mine,Coal
Myrtle Springs,SA,-30.4168,138.2258,Operating mine,"Battery/Alloy metals - Ni, Co, Mn, V, Mo, Mg"
Myuna,NSW,-33.060111,151.568738,Operating mine,Coal
Nammuldi,WA,-22.406866,117.395299,Operating mine,Iron ore
Narrabri,NSW,-30.52,149.85,Operating mine,Coal
Nelson Bay River,TAS,-41.17,144.74,Care and maintenance,Iron ore
Nevoria,WA,-31.5067,119.5835,Operating mine,"Precious metals - Au, Ag, PGE"
New Acland,QLD,-27.269628,151.707831,Care and Maintenance,Coal
New Cobar,NSW,-31.5161,145.8551,Operating mine,"Base metals - Cu (Zn, Pb, Ag, Au)"
Newlands,QLD,-21.2544,147.901,Operating mine,Coal
Newstan,NSW,-32.975814,151.57689,Care and maintenance,Coal
Nicholas Downs,WA,-22.773894,120.894281,Care and maintenance,"Battery/Alloy metals - Ni, Co, Mn, V, Mo, Mg"
Nicolson's Find,WA,-18.4096,127.3567,Operating mine,"Precious metals - Au, Ag, PGE"
Nifty,WA,-21.654853,121.570871,Care and maintenance,"Base metals - Cu (Zn, Pb, Ag, Au)"
Nolans ,NT,-22.59385,133.238557,Developing Mine,Rare earth elements 
Norseman,WA,-32.1964,121.7941,Operating mine,"Precious metals - Au, Ag, PGE"
North Goonyella,QLD,-21.64755,147.976615,Care and maintenance,Coal
Northcote,QLD,-17.0058,145.1571,Developing mine,"Precious metals - Au, Ag, PGE"
Northern Operations,WA,-31.16898,121.6514,Operating mine,"Battery/Alloy metals - Ni, Co, Mn, V, Mo, Mg"
Northparkes,NSW,-32.9135,148.0498,Operating mine,"Base metals - Cu (Zn, Pb, Ag, Au)"
Nova-Bollinger,WA,-31.819886,123.192413,Operating mine,"Battery/Alloy metals - Ni, Co, Mn, V, Mo, Mg"
Nullagine,WA,-22.0928,119.8358,Care and maintenance,Iron ore
Nullagine,WA,-21.8784,120.2916,Operating mine,"Precious metals - Au, Ag, PGE"
Nyngan,NSW,-31.612,146.994,Developing mine,Rare earth elements 
Oaky Creek,QLD,-23.041584,148.49321,Operating mine,Coal
Odysseus,WA,-27.600285,120.576324,Developing mine,"Battery/Alloy metals - Ni, Co, Mn, V, Mo, Mg"
Olive Downs,QLD,-22.2091,148.369,Developing mine,Coal
Olympic Dam,SA,-30.437444,136.889293,Operating mine,"Base metals - Cu, Au, U, Ag"
Orion Downs,QLD,-24.425,148.361,Operating mine,Coal
Osborne,QLD,-22.0939,140.5736,Care and Maintenance,"Base metals - Cu (Zn, Pb, Ag, Au)"
Paddy's Flat,WA,-26.6181,118.5022,Operating mine,"Precious metals - Au, Ag, PGE"
Pajingo,QLD,-20.548,146.4634,Operating mine,"Precious metals - Au, Ag, PGE"
Panton,WA,-17.75153,127.831596,Developing mine,"Precious metals - Au, Ag, PGE"
Paraburdoo,WA,-23.2292,117.579,Operating mine,Iron ore
Paroo Station,WA,-26.517944,119.941926,Care and maintenance,"Base metals - Zn, Pb (Cu, Ag)"
Paulsens,WA,-22.5794,116.2426,Care and maintenance,"Precious metals - Au, Ag, PGE"
Peak,NSW,-31.5653,145.8778,Operating mine,"Precious metals - Au, Ag, PGE"
Peak Downs,QLD,-22.219914,148.173066,Operating mine,Coal
Peculiar Knob,SA,-29.586813,135.382648,Operating mine,Iron ore
Penny,WA,-28.852443,118.80643,Operating mine,"Precious metals - Au, Ag, PGE"
Penny's Find,WA,-30.53256,121.8745,Care and maintenance,"Precious metals - Au, Ag, PGE"
Pilgangoora,WA,-21.0723,118.8953,Operating mine,Lithium
Pine Dale,NSW,-33.297,150.065,Care and maintenance,Coal
Pinnacles,NSW,-32.052,141.329,Operating mine,"Base metals - Zn, Pb (Cu, Ag)"
Plutonic,WA,-25.3171,119.4437,Operating mine,"Precious metals - Au, Ag, PGE"
Poitrel,QLD,-22.041216,148.234381,Operating mine,Coal
Portia,SA,-31.433894,140.451072,Operating mine,"Base metals - Cu (Zn, Pb, Ag, Au)"
Premier,WA,-33.391728,116.286509,Operating mine,Coal
Prominent Hill,SA,-29.72004,135.5749,Operating mine,"Base metals - Cu (Zn, Pb, Ag, Au)"
Queens ,WA,-22.128667,117.769485,Operating mine,Iron ore
Radio Hill,WA,-20.982542,116.864841,Care and maintenance,"Battery/Alloy metals - Ni, Co, Mn, V, Mo, Mg"
Rasp Mine,NSW,-31.965517,141.451273,Operating mine,"Base metals - Zn, Pb (Cu, Ag)"
Ravensthorpe,WA,-33.64212,120.396308,Operating mine,"Battery/Alloy metals - Ni, Co, Mn, V, Mo, Mg"
Ravenswood,QLD,-20.096942,146.879978,Operating mine,"Precious metals - Au, Ag, PGE"
Ravensworth East,NSW,-32.3955,151.0717,Operating mine,Coal
Ravensworth North,NSW,-32.44,150.997,Operating mine,Coal
Ravensworth Underground,NSW,-32.436562,151.037482,Care and maintenance,Coal
Red October,WA,-29.2166,122.4141,Care and Maintenance,"Precious metals - Au, Ag, PGE"
Redbank,NT,-17.193231,137.743503,Care and maintenance,"Base metals - Cu (Zn, Pb, Ag, Au)"
Renison Bell,TAS,-41.7824,145.434,Operating mine,"Other metals - Sn, W, Ta, Ti"
Ridges,WA,-16.599104,128.273183,Care and maintenance,Iron ore
Ridgeway,NSW,-33.4353,148.9759,Care and maintenance,"Precious metals - Au, Ag, PGE"
Riley Creek,TAS,-41.74475,145.4114,Care and maintenance,Iron ore
Riverina,WA,-29.7519,120.5652,Operating mine,"Precious metals - Au, Ag, PGE"
Rixs Creek,NSW,-32.52684,151.129982,Operating mine,Coal
Robe River,WA,-21.747484,116.242201,Operating mine,Iron ore
Rocklands,QLD,-20.67809,140.363019,Care and maintenance,"Base metals - Cu (Zn, Pb, Ag, Au)"
Rolleston,QLD,-24.444059,148.410596,Operating mine,Coal
Roper Bar,NT,-15.223,135.074,Care and maintenance,Iron ore
Rosebery,TAS,-41.7723,145.5431,Operating mine,"Base metals - Zn, Pb (Cu, Ag)"
Rosemont,WA,-27.8397,122.2753,Operating mine,"Precious metals - Au, Ag, PGE"
Rothsay,WA,-29.2821,116.8659,Operating mine,"Precious metals - Au, Ag, PGE"
Roy Hill,WA,-22.562194,120.057771,Operating mine,Iron ore
Russell Vale,NSW,-34.346849,150.869989,Operating mine,Coal
Saint Elmo,QLD,-20.555,141.875,Developing mine,"Battery/Alloy metals - Ni, Co, Mn, V, Mo, Mg"
Sanjiv Ridge,WA,-21.473998,119.664944,Operating mine,Iron ore
Santa,WA,-31.0456,122.2028,Operating mine,"Precious metals - Au, Ag, PGE"
Saraji,QLD,-22.369379,148.291051,Operating mine,Coal
Savage River,TAS,-41.487982,145.204429,Operating mine,Iron ore
Savannah,WA,-17.347206,128.023493,Operating mine,"Battery/Alloy metals - Ni, Co, Mn, V, Mo, Mg"
Sconi,QLD,-19.026873,144.954374,Developing mine,"Battery/Alloy metals - Ni, Co, Mn, V, Mo, Mg"
Shine,WA,-28.8484,116.9358,Care and maintenance,Iron ore
Siberia,WA,-30.2111,120.9624,Operating mine,"Precious metals - Au, Ag, PGE"
Sill 80,NT,-14.93715489,134.035746,Operating mine,"Heavy mineral sands - Ti, Zr"
Silvergrass,WA,-22.183297,117.18516,Operating mine,Iron ore
Sino Iron,WA,-21.079589,116.147352,Operating mine,Iron ore
Siviour,SA,-33.918009,136.428284,Developing mine,Graphite
Sonoma,QLD,-20.62,147.86,Operating mine,Coal
South Emu-Triton,WA,-27.138,118.2669,Operating mine,"Precious metals - Au, Ag, PGE"
South Kalgoorlie,WA,-31.0385,121.6148,Operating mine,"Precious metals - Au, Ag, PGE"
South Walker Creek,QLD,-21.770942,148.442713,Operating mine,Coal
South West,WA,-30.7986,115.5673,Operating mine,"Heavy mineral sands - Ti, Zr"
Spargos Reward,WA,-31.2362,121.4687,Operating mine,"Precious metals - Au, Ag, PGE"
Spotted Quoll,WA,-32.47818,119.677803,Operating mine,"Battery/Alloy metals - Ni, Co, Mn, V, Mo, Mg"
Springvale,NSW,-33.4006,150.105627,Operating mine,Coal
St Ives,WA,-31.2951,121.6761,Operating mine,"Precious metals - Au, Ag, PGE"
Stawell,VIC,-37.0589,142.8002,Care and maintenance,"Precious metals - Au, Ag, PGE"
Stratford Duralie,NSW,-32.11766,151.973597,Operating mine,Coal
Sunrise,NSW,-32.756687,147.419586,Developing Mine,"Battery/Alloy metals - Ni, Co, Mn, V, Mo, Mg"
Sunrise Dam,WA,-29.0775,122.4245,Operating mine,"Precious metals - Au, Ag, PGE"
Tahmoor,NSW,-34.2508,150.5795,Operating mine,Coal
Tampia,WA,-32.1624,118.4517,Operating mine,"Precious metals - Au, Ag, PGE"
Tanami ,NT,-20.5256,129.9336,Operating mine,"Precious metals - Au, Ag, PGE"
Tank - Atreides,WA,-31.063,122.5802,Operating mine,"Precious metals - Au, Ag, PGE"
Tarcoola,SA,-30.697135,134.529982,Care and maintenance,"Precious metals - Au, Ag, PGE"
Tarong,QLD,-26.813543,151.911523,Operating mine,Coal
Tarrawonga,NSW,-30.638,150.163,Operating mine,Coal
Telfer,WA,-21.7224,122.2109,Operating mine,"Base metals - Cu (Zn, Pb, Ag, Au)"
Thalanga,QLD,-20.3419,145.7699,Operating mine,"Base metals - Zn, Pb (Cu, Ag)"
Thuddungra,NSW,-34.173315,148.049644,Operating mine,"Battery/Alloy metals - Ni, Co, Mn, V, Mo, Mg"
Thunderbird,WA,-17.431715,122.967879,Developing mine,"Heavy mineral sands - Ti, Zr"
Thunderbox,WA,-28.192,121.0054,Operating mine,"Precious metals - Au, Ag, PGE"
Tomingley,NSW,-32.5848,148.2067,Operating mine,"Precious metals - Au, Ag, PGE"
Tooheys Well,WA,-27.939959,122.368122,Operating mine,"Precious metals - Au, Ag, PGE"
Tritton,NSW,-31.3956,146.7216,Operating mine,"Base metals - Cu (Zn, Pb, Ag, Au)"
Tropicana,WA,-29.26,124.55,Operating mine,"Precious metals - Au, Ag, PGE"
Ulan,NSW,-32.246863,149.749983,Operating mine,Coal
Uley,SA,-34.799274,135.703459,Developing mine,Graphite
United Wambo,NSW,-32.558422,151.008851,Operating mine,Coal
Urquhart ,QLD,-12.75,141.8,Operating mine,"Heavy mineral sands - Ti, Zr"
Venus,WA,-27.815,120.704,Operating mine,"Battery/Alloy metals - Ni, Co, Mn, V, Mo, Mg"
Vivien,WA,-27.9751,120.5695,Operating mine,"Precious metals - Au, Ag, PGE"
Vulcan,QLD,-22.287,148.188,Operating mine,Coal
Wallaby,WA,-28.8518,122.3055,Operating mine,"Precious metals - Au, Ag, PGE"
Warkworth,NSW,-32.60701,151.090164,Operating mine,Coal
Warrawoona,WA,-21.33548,119.892303,Operating mine,"Precious metals - Au, Ag, PGE"
Waterloo,WA,-28.14377,120.977997,Care and maintenance,"Battery/Alloy metals - Ni, Co, Mn, V, Mo, Mg"
Weipa,QLD,-12.6637,141.8732,Operating mine,Bauxite
Werris Creek,NSW,-31.40698,150.6395,Operating mine,Coal
West Angelas,WA,-23.18855,118.78829,Operating mine,Iron ore
Western Range,WA,-23.225,117.561,Developing Mine,Iron ore
Western Turner Syncline,WA,-22.66221,117.586304,Operating mine,Iron ore
Westralia,WA,-28.7696,122.0679,Operating mine,"Precious metals - Au, Ag, PGE"
Whim Creek,WA,-20.84373,117.830583,Care and maintenance,"Base metals - Zn, Pb (Cu, Ag)"
White Dam,SA,-32.0955,140.5793,Operating mine,"Precious metals - Au, Ag, PGE"
White Foil,WA,-30.7738,121.2506,Operating mine,"Precious metals - Au, Ag, PGE"
Widgiemooltha,WA,-31.494669,121.564082,Care and maintenance,"Precious metals - Au, Ag, PGE"
Willowdale,WA,-32.845099,116.061824,Operating mine,Bauxite
Wilpinjong,NSW,-32.332,149.885,Operating mine,Coal
Wiluna West,WA,-26.68036,119.9373,Operating mine,Iron ore
Windimurra,WA,-28.2993,118.5352,Care and maintenance,"Battery/Alloy metals - Ni, Co, Mn, V, Mo, Mg"
Wingellina,WA,-26.03964,128.939301,Developing mine,"Battery/Alloy metals - Ni, Co, Mn, V, Mo, Mg"
Wodgina,WA,-21.174613,118.676381,Operating mine,Lithium
Wolfram Camp,QLD,-17.084464,144.969389,Care and maintenance,"Other metals - Sn, W, Ta, Ti"
Wonawinta,NSW,-32.2181,145.7322,Developing mine,"Precious metals - Au, Ag, PGE"
Wongawilli,NSW,-34.474921,150.735664,Care and maintenance,Coal
Wonmunna,WA,-23.12290261,119.0497302,Operating mine,Iron ore
Wonnerup,WA,-33.653782,115.4506,Operating mine,"Heavy mineral sands - Ti, Zr"
Woodie Woodie,WA,-21.638771,121.235468,Operating mine,"Battery/Alloy metals - Ni, Co, Mn, V, Mo, Mg"
Woodlawn,NSW,-35.061317,149.571681,Care and maintenance,"Base metals - Zn, Pb (Cu, Ag)"
Worsley,WA,-32.929208,116.455911,Operating mine,Bauxite
Yakabindie,WA,-27.4555,120.5775,Operating mine,"Battery/Alloy metals - Ni, Co, Mn, V, Mo, Mg"
Yallourn,VIC,-38.195064,146.360402,Operating mine,Coal
Yalyalup,WA,-33.689709,115.472298,Developing mine,"Heavy mineral sands - Ti, Zr"
Yandi,WA,-22.734839,119.103329,Operating mine,Iron ore
Yandicoogina,WA,-22.762345,119.211129,Operating mine,Iron ore
Yangibana,WA,-23.891614,116.195835,Developing mine,Rare earth elements 
Yarrabee,QLD,-23.317678,149.026371,Operating mine,Coal
Yendon,VIC,-37.6572,143.98,Care and maintenance,"High-purity elements - Al, Si"